,posX,posY,angleX,angleY,angleZ,accel,deccel,works
-1,266.0,51.0,10.853887451581844,161.85734989868536,9.470614486348325,0.0,0.0,1.0
